,date,state,cases,deaths
21800,2020-03-31,Alabama,7,0
21801,2020-03-31,Alabama,19,0
21802,2020-03-31,Alabama,3,0
21803,2020-03-31,Alabama,5,0
21804,2020-03-31,Alabama,3,0
21805,2020-03-31,Alabama,1,0
21806,2020-03-31,Alabama,9,0
21807,2020-03-31,Alabama,36,4
21808,2020-03-31,Alabama,2,0
21809,2020-03-31,Alabama,11,0
21810,2020-03-31,Alabama,3,0
21811,2020-03-31,Alabama,2,0
21812,2020-03-31,Alabama,5,0
21813,2020-03-31,Alabama,4,0
21814,2020-03-31,Alabama,4,0
21815,2020-03-31,Alabama,2,0
21816,2020-03-31,Alabama,1,0
21817,2020-03-31,Alabama,8,0
21818,2020-03-31,Alabama,2,0
21819,2020-03-31,Alabama,4,0
21820,2020-03-31,Alabama,12,0
21821,2020-03-31,Alabama,1,0
21822,2020-03-31,Alabama,8,0
21823,2020-03-31,Alabama,1,0
21824,2020-03-31,Alabama,3,0
21825,2020-03-31,Alabama,3,0
21826,2020-03-31,Alabama,1,0
21827,2020-03-31,Alabama,8,0
21828,2020-03-31,Alabama,8,1
21829,2020-03-31,Alabama,282,0
21830,2020-03-31,Alabama,1,0
21831,2020-03-31,Alabama,12,1
21832,2020-03-31,Alabama,3,0
21833,2020-03-31,Alabama,75,2
21834,2020-03-31,Alabama,22,0
21835,2020-03-31,Alabama,1,0
21836,2020-03-31,Alabama,1,0
21837,2020-03-31,Alabama,100,1
21838,2020-03-31,Alabama,4,0
21839,2020-03-31,Alabama,9,0
21840,2020-03-31,Alabama,6,0
21841,2020-03-31,Alabama,53,1
21842,2020-03-31,Alabama,1,0
21843,2020-03-31,Alabama,31,1
21844,2020-03-31,Alabama,20,0
21845,2020-03-31,Alabama,4,0
21846,2020-03-31,Alabama,4,0
21847,2020-03-31,Alabama,2,0
21848,2020-03-31,Alabama,1,0
21849,2020-03-31,Alabama,86,2
21850,2020-03-31,Alabama,15,0
21851,2020-03-31,Alabama,1,0
21852,2020-03-31,Alabama,7,0
21853,2020-03-31,Alabama,13,1
21854,2020-03-31,Alabama,29,0
21855,2020-03-31,Alabama,32,0
21856,2020-03-31,Alabama,3,0
21857,2020-03-31,Alabama,3,0
21858,2020-03-31,Alabama,2,0
21859,2020-03-31,Alaska,65,2
21860,2020-03-31,Alaska,35,0
21861,2020-03-31,Alaska,9,0
21862,2020-03-31,Alaska,8,0
21863,2020-03-31,Alaska,13,0
21864,2020-03-31,Alaska,3,0
21865,2020-03-31,Arizona,16,0
21866,2020-03-31,Arizona,4,0
21867,2020-03-31,Arizona,81,3
21868,2020-03-31,Arizona,1,0
21869,2020-03-31,Arizona,2,0
21870,2020-03-31,Arizona,1,0
21871,2020-03-31,Arizona,2,0
21872,2020-03-31,Arizona,791,8
21873,2020-03-31,Arizona,7,0
21874,2020-03-31,Arizona,91,0
21875,2020-03-31,Arizona,202,6
21876,2020-03-31,Arizona,62,0
21877,2020-03-31,Arizona,2,0
21878,2020-03-31,Arizona,24,0
21879,2020-03-31,Arizona,12,0
21880,2020-03-31,Arkansas,2,0
21881,2020-03-31,Arkansas,1,0
21882,2020-03-31,Arkansas,3,0
21883,2020-03-31,Arkansas,38,0
21884,2020-03-31,Arkansas,2,0
21885,2020-03-31,Arkansas,4,0
21886,2020-03-31,Arkansas,2,0
21887,2020-03-31,Arkansas,24,0
21888,2020-03-31,Arkansas,61,2
21889,2020-03-31,Arkansas,5,0
21890,2020-03-31,Arkansas,2,0
21891,2020-03-31,Arkansas,2,1
21892,2020-03-31,Arkansas,10,0
21893,2020-03-31,Arkansas,3,0
21894,2020-03-31,Arkansas,29,0
21895,2020-03-31,Arkansas,2,0
21896,2020-03-31,Arkansas,2,0
21897,2020-03-31,Arkansas,2,0
21898,2020-03-31,Arkansas,36,0
21899,2020-03-31,Arkansas,31,0
21900,2020-03-31,Arkansas,3,0
21901,2020-03-31,Arkansas,4,0
21902,2020-03-31,Arkansas,1,0
21903,2020-03-31,Arkansas,4,0
21904,2020-03-31,Arkansas,4,0
21905,2020-03-31,Arkansas,4,0
21906,2020-03-31,Arkansas,40,0
21907,2020-03-31,Arkansas,3,0
21908,2020-03-31,Arkansas,1,0
21909,2020-03-31,Arkansas,6,0
21910,2020-03-31,Arkansas,6,0
21911,2020-03-31,Arkansas,1,0
21912,2020-03-31,Arkansas,1,0
21913,2020-03-31,Arkansas,1,0
21914,2020-03-31,Arkansas,2,0
21915,2020-03-31,Arkansas,2,0
21916,2020-03-31,Arkansas,5,0
21917,2020-03-31,Arkansas,4,0
21918,2020-03-31,Arkansas,6,0
21919,2020-03-31,Arkansas,103,3
21920,2020-03-31,Arkansas,3,0
21921,2020-03-31,Arkansas,11,0
21922,2020-03-31,Arkansas,1,0
21923,2020-03-31,Arkansas,4,0
21924,2020-03-31,Arkansas,8,0
21925,2020-03-31,Arkansas,2,0
21926,2020-03-31,Arkansas,2,0
21927,2020-03-31,Arkansas,5,0
21928,2020-03-31,Arkansas,8,0
21929,2020-03-31,Arkansas,61,5
21930,2020-03-31,Arkansas,19,1
21931,2020-03-31,Arkansas,22,0
21932,2020-03-31,Arkansas,11,0
21933,2020-03-31,Arkansas,1,0
21934,2020-03-31,California,334,7
21935,2020-03-31,California,1,0
21936,2020-03-31,California,2,0
21937,2020-03-31,California,8,0
21938,2020-03-31,California,3,0
21939,2020-03-31,California,1,0
21940,2020-03-31,California,222,3
21941,2020-03-31,California,18,0
21942,2020-03-31,California,68,0
21943,2020-03-31,California,2,0
21944,2020-03-31,California,27,0
21945,2020-03-31,California,38,0
21946,2020-03-31,California,8,0
21947,2020-03-31,California,101,1
21948,2020-03-31,California,4,0
21949,2020-03-31,California,3011,54
21950,2020-03-31,California,23,1
21951,2020-03-31,California,102,4
21952,2020-03-31,California,4,0
21953,2020-03-31,California,10,0
21954,2020-03-31,California,13,1
21955,2020-03-31,California,42,2
21956,2020-03-31,California,16,1
21957,2020-03-31,California,21,0
21958,2020-03-31,California,502,7
21959,2020-03-31,California,67,2
21960,2020-03-31,California,1,0
21961,2020-03-31,California,371,13
21962,2020-03-31,California,224,7
21963,2020-03-31,California,21,1
21964,2020-03-31,California,183,6
21965,2020-03-31,California,734,9
21966,2020-03-31,California,400,6
21967,2020-03-31,California,151,8
21968,2020-03-31,California,80,0
21969,2020-03-31,California,309,10
21970,2020-03-31,California,99,0
21971,2020-03-31,California,890,31
21972,2020-03-31,California,49,1
21973,2020-03-31,California,6,1
21974,2020-03-31,California,3,0
21975,2020-03-31,California,54,0
21976,2020-03-31,California,85,1
21977,2020-03-31,California,39,0
21978,2020-03-31,California,10,0
21979,2020-03-31,California,45,1
21980,2020-03-31,California,1,0
21981,2020-03-31,California,1,0
21982,2020-03-31,California,149,5
21983,2020-03-31,California,25,1
21984,2020-03-31,California,7,0
21985,2020-03-31,Colorado,185,2
21986,2020-03-31,Colorado,1,0
21987,2020-03-31,Colorado,350,6
21988,2020-03-31,Colorado,1,0
21989,2020-03-31,Colorado,3,0
21990,2020-03-31,Colorado,107,2
21991,2020-03-31,Colorado,20,1
21992,2020-03-31,Colorado,17,1
21993,2020-03-31,Colorado,4,0
21994,2020-03-31,Colorado,3,0
21995,2020-03-31,Colorado,1,1
21996,2020-03-31,Colorado,1,0
21997,2020-03-31,Colorado,539,7
21998,2020-03-31,Colorado,144,0
21999,2020-03-31,Colorado,227,4
22000,2020-03-31,Colorado,286,13
22001,2020-03-31,Colorado,5,0
22002,2020-03-31,Colorado,2,0
22003,2020-03-31,Colorado,33,1
22004,2020-03-31,Colorado,4,0
22005,2020-03-31,Colorado,82,1
22006,2020-03-31,Colorado,1,0
22007,2020-03-31,Colorado,1,0
22008,2020-03-31,Colorado,304,6
22009,2020-03-31,Colorado,2,0
22010,2020-03-31,Colorado,23,0
22011,2020-03-31,Colorado,1,0
22012,2020-03-31,Colorado,99,6
22013,2020-03-31,Colorado,1,0
22014,2020-03-31,Colorado,6,0
22015,2020-03-31,Colorado,14,0
22016,2020-03-31,Colorado,2,0
22017,2020-03-31,Colorado,4,0
22018,2020-03-31,Colorado,1,0
22019,2020-03-31,Colorado,13,0
22020,2020-03-31,Colorado,4,0
22021,2020-03-31,Colorado,3,0
22022,2020-03-31,Colorado,3,0
22023,2020-03-31,Colorado,1,0
22024,2020-03-31,Colorado,30,2
22025,2020-03-31,Colorado,21,2
22026,2020-03-31,Colorado,5,0
22027,2020-03-31,Colorado,17,0
22028,2020-03-31,Colorado,1,0
22029,2020-03-31,Colorado,4,0
22030,2020-03-31,Colorado,20,0
22031,2020-03-31,Colorado,7,1
22032,2020-03-31,Colorado,129,0
22033,2020-03-31,Colorado,1,0
22034,2020-03-31,Colorado,255,12
22035,2020-03-31,Colorado,2,0
22036,2020-03-31,Connecticut,1870,38
22037,2020-03-31,Connecticut,393,7
22038,2020-03-31,Connecticut,121,1
22039,2020-03-31,Connecticut,56,1
22040,2020-03-31,Connecticut,517,12
22041,2020-03-31,Connecticut,27,1
22042,2020-03-31,Connecticut,56,7
22043,2020-03-31,Connecticut,77,2
22044,2020-03-31,Connecticut,11,0
22045,2020-03-31,Delaware,34,2
22046,2020-03-31,Delaware,197,6
22047,2020-03-31,Delaware,88,2
22048,2020-03-31,District of Columbia,495,9
22049,2020-03-31,Florida,87,0
22050,2020-03-31,Florida,9,0
22051,2020-03-31,Florida,8,0
22052,2020-03-31,Florida,2,0
22053,2020-03-31,Florida,37,0
22054,2020-03-31,Florida,1219,12
22055,2020-03-31,Florida,1,0
22056,2020-03-31,Florida,24,0
22057,2020-03-31,Florida,19,2
22058,2020-03-31,Florida,41,5
22059,2020-03-31,Florida,146,1
22060,2020-03-31,Florida,3,0
22061,2020-03-31,Florida,7,1
22062,2020-03-31,Florida,207,4
22063,2020-03-31,Florida,94,0
22064,2020-03-31,Florida,18,0
22065,2020-03-31,Florida,1,0
22066,2020-03-31,Florida,3,1
22067,2020-03-31,Florida,4,0
22068,2020-03-31,Florida,24,0
22069,2020-03-31,Florida,17,1
22070,2020-03-31,Florida,305,3
22071,2020-03-31,Florida,1,0
22072,2020-03-31,Florida,33,0
22073,2020-03-31,Florida,2,0
22074,2020-03-31,Florida,66,0
22075,2020-03-31,Florida,206,8
22076,2020-03-31,Florida,26,0
22077,2020-03-31,Florida,2,0
22078,2020-03-31,Florida,53,2
22079,2020-03-31,Florida,28,0
22080,2020-03-31,Florida,28,0
22081,2020-03-31,Florida,2123,7
22082,2020-03-31,Florida,27,0
22083,2020-03-31,Florida,10,0
22084,2020-03-31,Florida,39,1
22085,2020-03-31,Florida,373,4
22086,2020-03-31,Florida,110,1
22087,2020-03-31,Florida,551,14
22088,2020-03-31,Florida,40,2
22089,2020-03-31,Florida,167,5
22090,2020-03-31,Florida,73,1
22091,2020-03-31,Florida,13,0
22092,2020-03-31,Florida,44,2
22093,2020-03-31,Florida,76,3
22094,2020-03-31,Florida,103,0
22095,2020-03-31,Florida,79,2
22096,2020-03-31,Florida,38,2
22097,2020-03-31,Florida,51,0
22098,2020-03-31,Florida,3,0
22099,2020-03-31,Florida,1,0
22100,2020-03-31,Florida,2,0
22101,2020-03-31,Florida,80,1
22102,2020-03-31,Florida,1,0
22103,2020-03-31,Florida,18,0
22104,2020-03-31,Florida,1,0
22105,2020-03-31,Georgia,1,0
22106,2020-03-31,Georgia,5,0
22107,2020-03-31,Georgia,4,1
22108,2020-03-31,Georgia,5,1
22109,2020-03-31,Georgia,3,0
22110,2020-03-31,Georgia,19,2
22111,2020-03-31,Georgia,137,3
22112,2020-03-31,Georgia,3,0
22113,2020-03-31,Georgia,1,0
22114,2020-03-31,Georgia,20,0
22115,2020-03-31,Georgia,1,0
22116,2020-03-31,Georgia,2,0
22117,2020-03-31,Georgia,7,0
22118,2020-03-31,Georgia,2,0
22119,2020-03-31,Georgia,8,0
22120,2020-03-31,Georgia,8,0
22121,2020-03-31,Georgia,9,0
22122,2020-03-31,Georgia,4,0
22123,2020-03-31,Georgia,1,0
22124,2020-03-31,Georgia,123,1
22125,2020-03-31,Georgia,4,0
22126,2020-03-31,Georgia,1,0
22127,2020-03-31,Georgia,32,2
22128,2020-03-31,Georgia,1,0
22129,2020-03-31,Georgia,3,0
22130,2020-03-31,Georgia,78,3
22131,2020-03-31,Georgia,51,5
22132,2020-03-31,Georgia,5,0
22133,2020-03-31,Georgia,112,3
22134,2020-03-31,Georgia,1,0
22135,2020-03-31,Georgia,287,13
22136,2020-03-31,Georgia,11,0
22137,2020-03-31,Georgia,20,1
22138,2020-03-31,Georgia,24,0
22139,2020-03-31,Georgia,1,0
22140,2020-03-31,Georgia,41,2
22141,2020-03-31,Georgia,16,0
22142,2020-03-31,Georgia,1,0
22143,2020-03-31,Georgia,10,0
22144,2020-03-31,Georgia,360,4
22145,2020-03-31,Georgia,8,0
22146,2020-03-31,Georgia,2,0
22147,2020-03-31,Georgia,8,0
22148,2020-03-31,Georgia,466,26
22149,2020-03-31,Georgia,51,1
22150,2020-03-31,Georgia,32,1
22151,2020-03-31,Georgia,5,0
22152,2020-03-31,Georgia,1,0
22153,2020-03-31,Georgia,4,0
22154,2020-03-31,Georgia,48,4
22155,2020-03-31,Georgia,50,2
22156,2020-03-31,Georgia,47,1
22157,2020-03-31,Georgia,4,0
22158,2020-03-31,Georgia,599,18
22159,2020-03-31,Georgia,1,0
22160,2020-03-31,Georgia,17,0
22161,2020-03-31,Georgia,16,1
22162,2020-03-31,Georgia,1,0
22163,2020-03-31,Georgia,7,0
22164,2020-03-31,Georgia,242,2
22165,2020-03-31,Georgia,2,0
22166,2020-03-31,Georgia,67,0
22167,2020-03-31,Georgia,5,0
22168,2020-03-31,Georgia,3,0
22169,2020-03-31,Georgia,4,0
22170,2020-03-31,Georgia,1,1
22171,2020-03-31,Georgia,86,2
22172,2020-03-31,Georgia,30,3
22173,2020-03-31,Georgia,3,0
22174,2020-03-31,Georgia,8,0
22175,2020-03-31,Georgia,2,0
22176,2020-03-31,Georgia,1,0
22177,2020-03-31,Georgia,2,0
22178,2020-03-31,Georgia,1,0
22179,2020-03-31,Georgia,1,0
22180,2020-03-31,Georgia,3,0
22181,2020-03-31,Georgia,3,0
22182,2020-03-31,Georgia,13,0
22183,2020-03-31,Georgia,90,7
22184,2020-03-31,Georgia,5,0
22185,2020-03-31,Georgia,4,0
22186,2020-03-31,Georgia,1,0
22187,2020-03-31,Georgia,23,1
22188,2020-03-31,Georgia,7,0
22189,2020-03-31,Georgia,2,0
22190,2020-03-31,Georgia,3,1
22191,2020-03-31,Georgia,3,0
22192,2020-03-31,Georgia,1,0
22193,2020-03-31,Georgia,6,0
22194,2020-03-31,Georgia,4,0
22195,2020-03-31,Georgia,34,1
22196,2020-03-31,Georgia,5,0
22197,2020-03-31,Georgia,2,0
22198,2020-03-31,Georgia,5,0
22199,2020-03-31,Georgia,19,0
22200,2020-03-31,Georgia,31,0
22201,2020-03-31,Georgia,16,0
22202,2020-03-31,Georgia,1,0
22203,2020-03-31,Georgia,31,0
22204,2020-03-31,Georgia,7,1
22205,2020-03-31,Georgia,7,1
22206,2020-03-31,Georgia,3,0
22207,2020-03-31,Georgia,2,0
22208,2020-03-31,Georgia,15,0
22209,2020-03-31,Georgia,3,0
22210,2020-03-31,Georgia,2,0
22211,2020-03-31,Georgia,5,0
22212,2020-03-31,Georgia,40,0
22213,2020-03-31,Georgia,45,2
22214,2020-03-31,Georgia,4,0
22215,2020-03-31,Georgia,1,0
22216,2020-03-31,Georgia,6,0
22217,2020-03-31,Georgia,15,0
22218,2020-03-31,Georgia,4,0
22219,2020-03-31,Georgia,1,0
22220,2020-03-31,Georgia,35,2
22221,2020-03-31,Georgia,1,0
22222,2020-03-31,Georgia,2,0
22223,2020-03-31,Georgia,2,0
22224,2020-03-31,Georgia,40,2
22225,2020-03-31,Georgia,10,0
22226,2020-03-31,Georgia,20,0
22227,2020-03-31,Georgia,3,0
22228,2020-03-31,Georgia,18,1
22229,2020-03-31,Georgia,4,0
22230,2020-03-31,Georgia,2,0
22231,2020-03-31,Georgia,191,2
22232,2020-03-31,Georgia,5,0
22233,2020-03-31,Georgia,1,0
22234,2020-03-31,Georgia,9,0
22235,2020-03-31,Georgia,10,0
22236,2020-03-31,Georgia,3,0
22237,2020-03-31,Georgia,4,0
22238,2020-03-31,Georgia,1,0
22239,2020-03-31,Georgia,1,0
22240,2020-03-31,Georgia,3,0
22241,2020-03-31,Georgia,10,1
22242,2020-03-31,Georgia,1,0
22243,2020-03-31,Georgia,2,0
22244,2020-03-31,Georgia,1,0
22245,2020-03-31,Georgia,28,1
22246,2020-03-31,Guam,139,2
22247,2020-03-31,Hawaii,15,0
22248,2020-03-31,Hawaii,157,1
22249,2020-03-31,Hawaii,12,0
22250,2020-03-31,Hawaii,25,0
22251,2020-03-31,Hawaii,15,0
22252,2020-03-31,Idaho,195,3
22253,2020-03-31,Idaho,1,0
22254,2020-03-31,Idaho,4,0
22255,2020-03-31,Idaho,2,0
22256,2020-03-31,Idaho,192,2
22257,2020-03-31,Idaho,1,0
22258,2020-03-31,Idaho,2,0
22259,2020-03-31,Idaho,1,0
22260,2020-03-31,Idaho,53,1
22261,2020-03-31,Idaho,1,1
22262,2020-03-31,Idaho,2,0
22263,2020-03-31,Idaho,3,0
22264,2020-03-31,Idaho,1,0
22265,2020-03-31,Idaho,4,0
22266,2020-03-31,Idaho,1,0
22267,2020-03-31,Idaho,3,0
22268,2020-03-31,Idaho,2,0
22269,2020-03-31,Idaho,30,0
22270,2020-03-31,Idaho,2,0
22271,2020-03-31,Idaho,4,0
22272,2020-03-31,Idaho,1,0
22273,2020-03-31,Idaho,9,2
22274,2020-03-31,Idaho,1,0
22275,2020-03-31,Idaho,1,0
22276,2020-03-31,Idaho,2,0
22277,2020-03-31,Idaho,6,0
22278,2020-03-31,Idaho,2,0
22279,2020-03-31,Illinois,2,0
22280,2020-03-31,Illinois,2,0
22281,2020-03-31,Illinois,1,0
22282,2020-03-31,Illinois,2,1
22283,2020-03-31,Illinois,26,0
22284,2020-03-31,Illinois,14,0
22285,2020-03-31,Illinois,1,0
22286,2020-03-31,Illinois,7,0
22287,2020-03-31,Illinois,4496,61
22288,2020-03-31,Illinois,1,0
22289,2020-03-31,Illinois,1,0
22290,2020-03-31,Illinois,9,0
22291,2020-03-31,Illinois,3,0
22292,2020-03-31,Illinois,356,10
22293,2020-03-31,Illinois,1,0
22294,2020-03-31,Illinois,1,0
22295,2020-03-31,Illinois,1,0
22296,2020-03-31,Illinois,4,0
22297,2020-03-31,Illinois,2,0
22298,2020-03-31,Illinois,2,0
22299,2020-03-31,Illinois,4,0
22300,2020-03-31,Illinois,1,0
22301,2020-03-31,Illinois,128,7
22302,2020-03-31,Illinois,47,0
22303,2020-03-31,Illinois,19,2
22304,2020-03-31,Illinois,1,0
22305,2020-03-31,Illinois,6,1
22306,2020-03-31,Illinois,389,7
22307,2020-03-31,Illinois,3,0
22308,2020-03-31,Illinois,2,0
22309,2020-03-31,Illinois,16,0
22310,2020-03-31,Illinois,2,0
22311,2020-03-31,Illinois,1,0
22312,2020-03-31,Illinois,2,0
22313,2020-03-31,Illinois,63,2
22314,2020-03-31,Illinois,19,2
22315,2020-03-31,Illinois,1,0
22316,2020-03-31,Illinois,3,0
22317,2020-03-31,Illinois,2,0
22318,2020-03-31,Illinois,4,1
22319,2020-03-31,Illinois,1,0
22320,2020-03-31,Illinois,8,0
22321,2020-03-31,Illinois,3,0
22322,2020-03-31,Illinois,11,0
22323,2020-03-31,Illinois,1,0
22324,2020-03-31,Illinois,16,2
22325,2020-03-31,Illinois,43,2
22326,2020-03-31,Illinois,3,0
22327,2020-03-31,Illinois,4,0
22328,2020-03-31,Illinois,58,0
22329,2020-03-31,Illinois,1,0
22330,2020-03-31,Illinois,5,1
22331,2020-03-31,Illinois,228,8
22332,2020-03-31,Illinois,1,0
22333,2020-03-31,Illinois,15,0
22334,2020-03-31,Illinois,3,0
22335,2020-03-31,Indiana,1,0
22336,2020-03-31,Indiana,36,2
22337,2020-03-31,Indiana,13,0
22338,2020-03-31,Indiana,22,0
22339,2020-03-31,Indiana,3,0
22340,2020-03-31,Indiana,2,0
22341,2020-03-31,Indiana,1,0
22342,2020-03-31,Indiana,33,0
22343,2020-03-31,Indiana,1,0
22344,2020-03-31,Indiana,1,0
22345,2020-03-31,Indiana,1,0
22346,2020-03-31,Indiana,1,0
22347,2020-03-31,Indiana,14,1
22348,2020-03-31,Indiana,47,1
22349,2020-03-31,Indiana,18,1
22350,2020-03-31,Indiana,3,0
22351,2020-03-31,Indiana,20,1
22352,2020-03-31,Indiana,9,1
22353,2020-03-31,Indiana,21,0
22354,2020-03-31,Indiana,1,0
22355,2020-03-31,Indiana,35,4
22356,2020-03-31,Indiana,1,0
22357,2020-03-31,Indiana,4,0
22358,2020-03-31,Indiana,7,0
22359,2020-03-31,Indiana,2,0
22360,2020-03-31,Indiana,127,0
22361,2020-03-31,Indiana,26,2
22362,2020-03-31,Indiana,15,0
22363,2020-03-31,Indiana,70,1
22364,2020-03-31,Indiana,1,0
22365,2020-03-31,Indiana,16,1
22366,2020-03-31,Indiana,2,0
22367,2020-03-31,Indiana,8,0
22368,2020-03-31,Indiana,8,1
22369,2020-03-31,Indiana,1,0
22370,2020-03-31,Indiana,15,0
22371,2020-03-31,Indiana,101,3
22372,2020-03-31,Indiana,2,0
22373,2020-03-31,Indiana,5,0
22374,2020-03-31,Indiana,2,0
22375,2020-03-31,Indiana,8,0
22376,2020-03-31,Indiana,146,5
22377,2020-03-31,Indiana,9,0
22378,2020-03-31,Indiana,38,1
22379,2020-03-31,Indiana,964,17
22380,2020-03-31,Indiana,3,0
22381,2020-03-31,Indiana,3,0
22382,2020-03-31,Indiana,30,0
22383,2020-03-31,Indiana,6,0
22384,2020-03-31,Indiana,32,1
22385,2020-03-31,Indiana,1,0
22386,2020-03-31,Indiana,2,0
22387,2020-03-31,Indiana,1,0
22388,2020-03-31,Indiana,3,0
22389,2020-03-31,Indiana,11,0
22390,2020-03-31,Indiana,21,0
22391,2020-03-31,Indiana,4,0
22392,2020-03-31,Indiana,7,1
22393,2020-03-31,Indiana,3,0
22394,2020-03-31,Indiana,31,1
22395,2020-03-31,Indiana,4,0
22396,2020-03-31,Indiana,1,1
22397,2020-03-31,Indiana,15,0
22398,2020-03-31,Indiana,49,1
22399,2020-03-31,Indiana,1,0
22400,2020-03-31,Indiana,1,0
22401,2020-03-31,Indiana,2,0
22402,2020-03-31,Indiana,3,0
22403,2020-03-31,Indiana,14,1
22404,2020-03-31,Indiana,4,0
22405,2020-03-31,Indiana,2,0
22406,2020-03-31,Indiana,18,0
22407,2020-03-31,Indiana,1,0
22408,2020-03-31,Indiana,9,1
22409,2020-03-31,Indiana,1,0
22410,2020-03-31,Indiana,2,1
22411,2020-03-31,Indiana,8,0
22412,2020-03-31,Indiana,6,0
22413,2020-03-31,Indiana,2,0
22414,2020-03-31,Indiana,2,0
22415,2020-03-31,Indiana,2,0
22416,2020-03-31,Indiana,2,0
22417,2020-03-31,Iowa,1,0
22418,2020-03-31,Iowa,7,1
22419,2020-03-31,Iowa,1,0
22420,2020-03-31,Iowa,1,0
22421,2020-03-31,Iowa,7,0
22422,2020-03-31,Iowa,7,0
22423,2020-03-31,Iowa,1,0
22424,2020-03-31,Iowa,2,0
22425,2020-03-31,Iowa,1,0
22426,2020-03-31,Iowa,1,0
22427,2020-03-31,Iowa,9,0
22428,2020-03-31,Iowa,7,0
22429,2020-03-31,Iowa,1,0
22430,2020-03-31,Iowa,1,0
22431,2020-03-31,Iowa,5,0
22432,2020-03-31,Iowa,1,0
22433,2020-03-31,Iowa,25,0
22434,2020-03-31,Iowa,1,0
22435,2020-03-31,Iowa,1,0
22436,2020-03-31,Iowa,21,1
22437,2020-03-31,Iowa,2,0
22438,2020-03-31,Iowa,1,0
22439,2020-03-31,Iowa,3,0
22440,2020-03-31,Iowa,1,0
22441,2020-03-31,Iowa,9,0
22442,2020-03-31,Iowa,3,0
22443,2020-03-31,Iowa,4,0
22444,2020-03-31,Iowa,1,0
22445,2020-03-31,Iowa,6,0
22446,2020-03-31,Iowa,73,0
22447,2020-03-31,Iowa,4,0
22448,2020-03-31,Iowa,2,0
22449,2020-03-31,Iowa,1,0
22450,2020-03-31,Iowa,90,2
22451,2020-03-31,Iowa,2,0
22452,2020-03-31,Iowa,8,0
22453,2020-03-31,Iowa,5,0
22454,2020-03-31,Iowa,1,0
22455,2020-03-31,Iowa,16,1
22456,2020-03-31,Iowa,2,0
22457,2020-03-31,Iowa,76,0
22458,2020-03-31,Iowa,5,0
22459,2020-03-31,Iowa,5,1
22460,2020-03-31,Iowa,18,0
22461,2020-03-31,Iowa,3,0
22462,2020-03-31,Iowa,4,0
22463,2020-03-31,Iowa,2,0
22464,2020-03-31,Iowa,11,0
22465,2020-03-31,Iowa,1,0
22466,2020-03-31,Iowa,1,0
22467,2020-03-31,Iowa,1,0
22468,2020-03-31,Iowa,3,0
22469,2020-03-31,Iowa,24,1
22470,2020-03-31,Iowa,1,0
22471,2020-03-31,Iowa,3,0
22472,2020-03-31,Iowa,4,0
22473,2020-03-31,Iowa,1,0
22474,2020-03-31,Kansas,1,0
22475,2020-03-31,Kansas,1,0
22476,2020-03-31,Kansas,3,0
22477,2020-03-31,Kansas,3,0
22478,2020-03-31,Kansas,1,0
22479,2020-03-31,Kansas,3,0
22480,2020-03-31,Kansas,1,0
22481,2020-03-31,Kansas,14,0
22482,2020-03-31,Kansas,5,1
22483,2020-03-31,Kansas,1,0
22484,2020-03-31,Kansas,24,0
22485,2020-03-31,Kansas,1,0
22486,2020-03-31,Kansas,1,0
22487,2020-03-31,Kansas,7,0
22488,2020-03-31,Kansas,1,0
22489,2020-03-31,Kansas,1,0
22490,2020-03-31,Kansas,1,0
22491,2020-03-31,Kansas,1,0
22492,2020-03-31,Kansas,134,3
22493,2020-03-31,Kansas,1,0
22494,2020-03-31,Kansas,24,0
22495,2020-03-31,Kansas,5,0
22496,2020-03-31,Kansas,10,0
22497,2020-03-31,Kansas,3,0
22498,2020-03-31,Kansas,1,0
22499,2020-03-31,Kansas,3,0
22500,2020-03-31,Kansas,5,0
22501,2020-03-31,Kansas,2,0
22502,2020-03-31,Kansas,1,0
22503,2020-03-31,Kansas,3,0
22504,2020-03-31,Kansas,1,0
22505,2020-03-31,Kansas,2,0
22506,2020-03-31,Kansas,7,0
22507,2020-03-31,Kansas,2,0
22508,2020-03-31,Kansas,1,0
22509,2020-03-31,Kansas,58,1
22510,2020-03-31,Kansas,17,1
22511,2020-03-31,Kansas,1,0
22512,2020-03-31,Kansas,2,0
22513,2020-03-31,Kansas,1,0
22514,2020-03-31,Kansas,2,0
22515,2020-03-31,Kansas,79,4
22516,2020-03-31,Kentucky,1,0
22517,2020-03-31,Kentucky,2,1
22518,2020-03-31,Kentucky,1,0
22519,2020-03-31,Kentucky,5,0
22520,2020-03-31,Kentucky,4,1
22521,2020-03-31,Kentucky,4,0
22522,2020-03-31,Kentucky,1,0
22523,2020-03-31,Kentucky,1,0
22524,2020-03-31,Kentucky,2,0
22525,2020-03-31,Kentucky,2,0
22526,2020-03-31,Kentucky,6,1
22527,2020-03-31,Kentucky,1,0
22528,2020-03-31,Kentucky,3,0
22529,2020-03-31,Kentucky,6,0
22530,2020-03-31,Kentucky,2,0
22531,2020-03-31,Kentucky,8,0
22532,2020-03-31,Kentucky,8,0
22533,2020-03-31,Kentucky,34,1
22534,2020-03-31,Kentucky,2,0
22535,2020-03-31,Kentucky,106,2
22536,2020-03-31,Kentucky,1,0
22537,2020-03-31,Kentucky,6,0
22538,2020-03-31,Kentucky,1,0
22539,2020-03-31,Kentucky,1,0
22540,2020-03-31,Kentucky,2,0
22541,2020-03-31,Kentucky,1,0
22542,2020-03-31,Kentucky,6,0
22543,2020-03-31,Kentucky,11,0
22544,2020-03-31,Kentucky,5,0
22545,2020-03-31,Kentucky,1,0
22546,2020-03-31,Kentucky,21,1
22547,2020-03-31,Kentucky,190,8
22548,2020-03-31,Kentucky,14,0
22549,2020-03-31,Kentucky,21,2
22550,2020-03-31,Kentucky,2,0
22551,2020-03-31,Kentucky,2,0
22552,2020-03-31,Kentucky,1,0
22553,2020-03-31,Kentucky,1,0
22554,2020-03-31,Kentucky,2,0
22555,2020-03-31,Kentucky,1,0
22556,2020-03-31,Kentucky,9,0
22557,2020-03-31,Kentucky,1,0
22558,2020-03-31,Kentucky,1,0
22559,2020-03-31,Kentucky,1,0
22560,2020-03-31,Kentucky,1,0
22561,2020-03-31,Kentucky,6,0
22562,2020-03-31,Kentucky,1,0
22563,2020-03-31,Kentucky,2,0
22564,2020-03-31,Kentucky,2,0
22565,2020-03-31,Kentucky,3,0
22566,2020-03-31,Kentucky,8,0
22567,2020-03-31,Kentucky,3,0
22568,2020-03-31,Kentucky,1,0
22569,2020-03-31,Kentucky,3,0
22570,2020-03-31,Kentucky,1,0
22571,2020-03-31,Kentucky,8,0
22572,2020-03-31,Kentucky,1,0
22573,2020-03-31,Kentucky,1,0
22574,2020-03-31,Kentucky,7,0
22575,2020-03-31,Kentucky,4,0
22576,2020-03-31,Kentucky,5,1
22577,2020-03-31,Kentucky,2,0
22578,2020-03-31,Kentucky,2,0
22579,2020-03-31,Kentucky,2,0
22580,2020-03-31,Kentucky,9,0
22581,2020-03-31,Kentucky,13,0
22582,2020-03-31,Kentucky,2,0
22583,2020-03-31,Kentucky,3,0
22584,2020-03-31,Kentucky,2,0
22585,2020-03-31,Kentucky,6,0
22586,2020-03-31,Louisiana,39,1
22587,2020-03-31,Louisiana,15,1
22588,2020-03-31,Louisiana,161,6
22589,2020-03-31,Louisiana,20,0
22590,2020-03-31,Louisiana,19,0
22591,2020-03-31,Louisiana,5,0
22592,2020-03-31,Louisiana,6,1
22593,2020-03-31,Louisiana,63,1
22594,2020-03-31,Louisiana,242,7
22595,2020-03-31,Louisiana,65,1
22596,2020-03-31,Louisiana,3,1
22597,2020-03-31,Louisiana,8,0
22598,2020-03-31,Louisiana,3,0
22599,2020-03-31,Louisiana,30,1
22600,2020-03-31,Louisiana,228,9
22601,2020-03-31,Louisiana,1,0
22602,2020-03-31,Louisiana,9,0
22603,2020-03-31,Louisiana,10,0
22604,2020-03-31,Louisiana,5,0
22605,2020-03-31,Louisiana,2,0
22606,2020-03-31,Louisiana,36,0
22607,2020-03-31,Louisiana,35,3
22608,2020-03-31,Louisiana,3,0
22609,2020-03-31,Louisiana,1193,57
22610,2020-03-31,Louisiana,5,0
22611,2020-03-31,Louisiana,2,0
22612,2020-03-31,Louisiana,118,1
22613,2020-03-31,Louisiana,74,2
22614,2020-03-31,Louisiana,12,0
22615,2020-03-31,Louisiana,23,0
22616,2020-03-31,Louisiana,1,0
22617,2020-03-31,Louisiana,2,0
22618,2020-03-31,Louisiana,2,0
22619,2020-03-31,Louisiana,1834,101
22620,2020-03-31,Louisiana,57,1
22621,2020-03-31,Louisiana,37,2
22622,2020-03-31,Louisiana,7,0
22623,2020-03-31,Louisiana,58,3
22624,2020-03-31,Louisiana,1,0
22625,2020-03-31,Louisiana,2,0
22626,2020-03-31,Louisiana,2,0
22627,2020-03-31,Louisiana,71,2
22628,2020-03-31,Louisiana,71,6
22629,2020-03-31,Louisiana,1,0
22630,2020-03-31,Louisiana,77,4
22631,2020-03-31,Louisiana,104,12
22632,2020-03-31,Louisiana,31,1
22633,2020-03-31,Louisiana,32,3
22634,2020-03-31,Louisiana,22,0
22635,2020-03-31,Louisiana,220,4
22636,2020-03-31,Louisiana,25,0
22637,2020-03-31,Louisiana,40,1
22638,2020-03-31,Louisiana,9,0
22639,2020-03-31,Louisiana,22,4
22640,2020-03-31,Louisiana,8,1
22641,2020-03-31,Louisiana,3,0
22642,2020-03-31,Louisiana,28,1
22643,2020-03-31,Louisiana,17,1
22644,2020-03-31,Louisiana,13,1
22645,2020-03-31,Louisiana,4,0
22646,2020-03-31,Louisiana,1,0
22647,2020-03-31,Maine,11,0
22648,2020-03-31,Maine,169,3
22649,2020-03-31,Maine,2,0
22650,2020-03-31,Maine,12,1
22651,2020-03-31,Maine,5,0
22652,2020-03-31,Maine,8,0
22653,2020-03-31,Maine,9,0
22654,2020-03-31,Maine,12,0
22655,2020-03-31,Maine,7,0
22656,2020-03-31,Maine,1,0
22657,2020-03-31,Maine,6,0
22658,2020-03-31,Maine,2,0
22659,2020-03-31,Maine,59,1
22660,2020-03-31,Maryland,127,1
22661,2020-03-31,Maryland,227,1
22662,2020-03-31,Maryland,187,2
22663,2020-03-31,Maryland,15,0
22664,2020-03-31,Maryland,4,0
22665,2020-03-31,Maryland,94,2
22666,2020-03-31,Maryland,14,0
22667,2020-03-31,Maryland,40,1
22668,2020-03-31,Maryland,33,0
22669,2020-03-31,Maryland,3,0
22670,2020-03-31,Maryland,25,0
22671,2020-03-31,Maryland,117,2
22672,2020-03-31,Maryland,3,0
22673,2020-03-31,Maryland,388,1
22674,2020-03-31,Maryland,341,7
22675,2020-03-31,Maryland,4,0
22676,2020-03-31,Maryland,1,0
22677,2020-03-31,Maryland,15,0
22678,2020-03-31,Maryland,3,0
22679,2020-03-31,Maryland,11,0
22680,2020-03-31,Maryland,7,1
22681,2020-03-31,Maryland,3,0
22682,2020-03-31,Massachusetts,191,2
22683,2020-03-31,Massachusetts,171,6
22684,2020-03-31,Massachusetts,306,2
22685,2020-03-31,Massachusetts,1,0
22686,2020-03-31,Massachusetts,784,12
22687,2020-03-31,Massachusetts,61,4
22688,2020-03-31,Massachusetts,354,12
22689,2020-03-31,Massachusetts,69,0
22690,2020-03-31,Massachusetts,1340,18
22691,2020-03-31,Massachusetts,5,0
22692,2020-03-31,Massachusetts,738,12
22693,2020-03-31,Massachusetts,459,2
22694,2020-03-31,Massachusetts,1373,7
22695,2020-03-31,Massachusetts,335,5
22696,2020-03-31,Massachusetts,433,7
22697,2020-03-31,Michigan,3,0
22698,2020-03-31,Michigan,3,0
22699,2020-03-31,Michigan,1,0
22700,2020-03-31,Michigan,2,0
22701,2020-03-31,Michigan,9,0
22702,2020-03-31,Michigan,35,1
22703,2020-03-31,Michigan,2,0
22704,2020-03-31,Michigan,17,0
22705,2020-03-31,Michigan,4,1
22706,2020-03-31,Michigan,4,0
22707,2020-03-31,Michigan,1,0
22708,2020-03-31,Michigan,1,0
22709,2020-03-31,Michigan,1,0
22710,2020-03-31,Michigan,24,0
22711,2020-03-31,Michigan,1,0
22712,2020-03-31,Michigan,1,0
22713,2020-03-31,Michigan,21,0
22714,2020-03-31,Michigan,5,0
22715,2020-03-31,Michigan,185,7
22716,2020-03-31,Michigan,2,0
22717,2020-03-31,Michigan,2,1
22718,2020-03-31,Michigan,7,0
22719,2020-03-31,Michigan,3,0
22720,2020-03-31,Michigan,14,1
22721,2020-03-31,Michigan,1,0
22722,2020-03-31,Michigan,3,0
22723,2020-03-31,Michigan,91,0
22724,2020-03-31,Michigan,4,0
22725,2020-03-31,Michigan,1,0
22726,2020-03-31,Michigan,6,1
22727,2020-03-31,Michigan,47,1
22728,2020-03-31,Michigan,24,1
22729,2020-03-31,Michigan,7,1
22730,2020-03-31,Michigan,108,1
22731,2020-03-31,Michigan,8,0
22732,2020-03-31,Michigan,1,0
22733,2020-03-31,Michigan,18,0
22734,2020-03-31,Michigan,80,2
22735,2020-03-31,Michigan,853,38
22736,2020-03-31,Michigan,1,0
22737,2020-03-31,Michigan,4,0
22738,2020-03-31,Michigan,3,1
22739,2020-03-31,Michigan,10,0
22740,2020-03-31,Michigan,1,1
22741,2020-03-31,Michigan,49,0
22742,2020-03-31,Michigan,5,0
22743,2020-03-31,Michigan,18,2
22744,2020-03-31,Michigan,1,0
22745,2020-03-31,Michigan,1620,75
22746,2020-03-31,Michigan,2,0
22747,2020-03-31,Michigan,1,0
22748,2020-03-31,Michigan,2,0
22749,2020-03-31,Michigan,2,0
22750,2020-03-31,Michigan,19,0
22751,2020-03-31,Michigan,31,0
22752,2020-03-31,Michigan,1,0
22753,2020-03-31,Michigan,51,0
22754,2020-03-31,Michigan,7,0
22755,2020-03-31,Michigan,1,0
22756,2020-03-31,Michigan,8,0
22757,2020-03-31,Michigan,32,0
22758,2020-03-31,Michigan,4,0
22759,2020-03-31,Michigan,9,2
22760,2020-03-31,Michigan,93,0
22761,2020-03-31,Michigan,7,0
22762,2020-03-31,Michigan,311,7
22763,2020-03-31,Michigan,3735,120
22764,2020-03-31,Michigan,2,0
22765,2020-03-31,Minnesota,23,0
22766,2020-03-31,Minnesota,4,0
22767,2020-03-31,Minnesota,1,0
22768,2020-03-31,Minnesota,1,0
22769,2020-03-31,Minnesota,9,0
22770,2020-03-31,Minnesota,2,0
22771,2020-03-31,Minnesota,1,0
22772,2020-03-31,Minnesota,10,0
22773,2020-03-31,Minnesota,1,0
22774,2020-03-31,Minnesota,3,0
22775,2020-03-31,Minnesota,6,0
22776,2020-03-31,Minnesota,2,0
22777,2020-03-31,Minnesota,2,0
22778,2020-03-31,Minnesota,47,0
22779,2020-03-31,Minnesota,8,0
22780,2020-03-31,Minnesota,1,0
22781,2020-03-31,Minnesota,2,0
22782,2020-03-31,Minnesota,8,0
22783,2020-03-31,Minnesota,3,0
22784,2020-03-31,Minnesota,204,6
22785,2020-03-31,Minnesota,2,0
22786,2020-03-31,Minnesota,1,0
22787,2020-03-31,Minnesota,1,0
22788,2020-03-31,Minnesota,2,0
22789,2020-03-31,Minnesota,1,0
22790,2020-03-31,Minnesota,15,0
22791,2020-03-31,Minnesota,1,0
22792,2020-03-31,Minnesota,1,0
22793,2020-03-31,Minnesota,1,0
22794,2020-03-31,Minnesota,25,2
22795,2020-03-31,Minnesota,1,0
22796,2020-03-31,Minnesota,13,0
22797,2020-03-31,Minnesota,3,0
22798,2020-03-31,Minnesota,53,0
22799,2020-03-31,Minnesota,1,0
22800,2020-03-31,Minnesota,56,2
22801,2020-03-31,Minnesota,1,0
22802,2020-03-31,Minnesota,3,0
22803,2020-03-31,Minnesota,10,0
22804,2020-03-31,Minnesota,8,0
22805,2020-03-31,Minnesota,1,0
22806,2020-03-31,Minnesota,12,0
22807,2020-03-31,Minnesota,5,0
22808,2020-03-31,Minnesota,6,0
22809,2020-03-31,Minnesota,2,0
22810,2020-03-31,Minnesota,1,0
22811,2020-03-31,Minnesota,6,0
22812,2020-03-31,Minnesota,3,0
22813,2020-03-31,Minnesota,39,0
22814,2020-03-31,Minnesota,1,0
22815,2020-03-31,Minnesota,1,0
22816,2020-03-31,Minnesota,10,0
22817,2020-03-31,Minnesota,6,0
22818,2020-03-31,Mississippi,10,0
22819,2020-03-31,Mississippi,3,0
22820,2020-03-31,Mississippi,4,1
22821,2020-03-31,Mississippi,10,0
22822,2020-03-31,Mississippi,4,0
22823,2020-03-31,Mississippi,22,1
22824,2020-03-31,Mississippi,3,0
22825,2020-03-31,Mississippi,1,0
22826,2020-03-31,Mississippi,13,0
22827,2020-03-31,Mississippi,6,0
22828,2020-03-31,Mississippi,1,0
22829,2020-03-31,Mississippi,4,0
22830,2020-03-31,Mississippi,4,0
22831,2020-03-31,Mississippi,21,0
22832,2020-03-31,Mississippi,9,0
22833,2020-03-31,Mississippi,2,0
22834,2020-03-31,Mississippi,84,1
22835,2020-03-31,Mississippi,21,0
22836,2020-03-31,Mississippi,3,0
22837,2020-03-31,Mississippi,3,0
22838,2020-03-31,Mississippi,3,0
22839,2020-03-31,Mississippi,16,1
22840,2020-03-31,Mississippi,45,1
22841,2020-03-31,Mississippi,90,0
22842,2020-03-31,Mississippi,15,1
22843,2020-03-31,Mississippi,3,0
22844,2020-03-31,Mississippi,3,0
22845,2020-03-31,Mississippi,40,0
22846,2020-03-31,Mississippi,1,0
22847,2020-03-31,Mississippi,6,0
22848,2020-03-31,Mississippi,1,0
22849,2020-03-31,Mississippi,15,1
22850,2020-03-31,Mississippi,5,0
22851,2020-03-31,Mississippi,35,0
22852,2020-03-31,Mississippi,5,0
22853,2020-03-31,Mississippi,5,0
22854,2020-03-31,Mississippi,24,1
22855,2020-03-31,Mississippi,19,1
22856,2020-03-31,Mississippi,11,0
22857,2020-03-31,Mississippi,11,0
22858,2020-03-31,Mississippi,42,0
22859,2020-03-31,Mississippi,5,0
22860,2020-03-31,Mississippi,14,0
22861,2020-03-31,Mississippi,6,0
22862,2020-03-31,Mississippi,7,1
22863,2020-03-31,Mississippi,4,0
22864,2020-03-31,Mississippi,2,0
22865,2020-03-31,Mississippi,3,0
22866,2020-03-31,Mississippi,17,0
22867,2020-03-31,Mississippi,7,1
22868,2020-03-31,Mississippi,30,0
22869,2020-03-31,Mississippi,3,1
22870,2020-03-31,Mississippi,17,0
22871,2020-03-31,Mississippi,5,0
22872,2020-03-31,Mississippi,4,0
22873,2020-03-31,Mississippi,3,0
22874,2020-03-31,Mississippi,40,1
22875,2020-03-31,Mississippi,10,0
22876,2020-03-31,Mississippi,1,0
22877,2020-03-31,Mississippi,2,0
22878,2020-03-31,Mississippi,1,0
22879,2020-03-31,Mississippi,11,1
22880,2020-03-31,Mississippi,2,0
22881,2020-03-31,Mississippi,11,0
22882,2020-03-31,Mississippi,26,2
22883,2020-03-31,Mississippi,1,0
22884,2020-03-31,Mississippi,12,1
22885,2020-03-31,Mississippi,3,0
22886,2020-03-31,Mississippi,4,0
22887,2020-03-31,Mississippi,5,0
22888,2020-03-31,Mississippi,1,0
22889,2020-03-31,Mississippi,20,0
22890,2020-03-31,Mississippi,5,1
22891,2020-03-31,Mississippi,14,2
22892,2020-03-31,Mississippi,7,0
22893,2020-03-31,Mississippi,6,0
22894,2020-03-31,Mississippi,9,0
22895,2020-03-31,Missouri,2,0
22896,2020-03-31,Missouri,1,0
22897,2020-03-31,Missouri,1,0
22898,2020-03-31,Missouri,1,0
22899,2020-03-31,Missouri,2,0
22900,2020-03-31,Missouri,1,0
22901,2020-03-31,Missouri,64,1
22902,2020-03-31,Missouri,5,0
22903,2020-03-31,Missouri,14,0
22904,2020-03-31,Missouri,12,1
22905,2020-03-31,Missouri,15,0
22906,2020-03-31,Missouri,4,0
22907,2020-03-31,Missouri,14,0
22908,2020-03-31,Missouri,3,0
22909,2020-03-31,Missouri,4,0
22910,2020-03-31,Missouri,11,0
22911,2020-03-31,Missouri,16,0
22912,2020-03-31,Missouri,4,0
22913,2020-03-31,Missouri,23,0
22914,2020-03-31,Missouri,2,0
22915,2020-03-31,Missouri,1,0
22916,2020-03-31,Missouri,5,0
22917,2020-03-31,Missouri,13,0
22918,2020-03-31,Missouri,49,3
22919,2020-03-31,Missouri,1,0
22920,2020-03-31,Missouri,1,1
22921,2020-03-31,Missouri,77,1
22922,2020-03-31,Missouri,4,0
22923,2020-03-31,Missouri,30,0
22924,2020-03-31,Missouri,10,0
22925,2020-03-31,Missouri,119,0
22926,2020-03-31,Missouri,19,1
22927,2020-03-31,Missouri,7,0
22928,2020-03-31,Missouri,1,0
22929,2020-03-31,Missouri,3,0
22930,2020-03-31,Missouri,1,0
22931,2020-03-31,Missouri,1,0
22932,2020-03-31,Missouri,2,0
22933,2020-03-31,Missouri,2,0
22934,2020-03-31,Missouri,2,0
22935,2020-03-31,Missouri,1,0
22936,2020-03-31,Missouri,5,0
22937,2020-03-31,Missouri,1,0
22938,2020-03-31,Missouri,2,0
22939,2020-03-31,Missouri,14,0
22940,2020-03-31,Missouri,1,0
22941,2020-03-31,Missouri,1,0
22942,2020-03-31,Missouri,9,0
22943,2020-03-31,Missouri,7,0
22944,2020-03-31,Missouri,1,0
22945,2020-03-31,Missouri,2,0
22946,2020-03-31,Missouri,1,0
22947,2020-03-31,Missouri,2,0
22948,2020-03-31,Missouri,2,0
22949,2020-03-31,Missouri,6,0
22950,2020-03-31,Missouri,1,0
22951,2020-03-31,Missouri,95,3
22952,2020-03-31,Missouri,5,0
22953,2020-03-31,Missouri,492,3
22954,2020-03-31,Missouri,136,1
22955,2020-03-31,Missouri,2,0
22956,2020-03-31,Missouri,3,0
22957,2020-03-31,Missouri,1,0
22958,2020-03-31,Missouri,2,0
22959,2020-03-31,Missouri,1,0
22960,2020-03-31,Missouri,5,0
22961,2020-03-31,Missouri,2,0
22962,2020-03-31,Missouri,4,0
22963,2020-03-31,Montana,3,0
22964,2020-03-31,Montana,9,0
22965,2020-03-31,Montana,3,0
22966,2020-03-31,Montana,11,0
22967,2020-03-31,Montana,74,0
22968,2020-03-31,Montana,1,0
22969,2020-03-31,Montana,2,0
22970,2020-03-31,Montana,3,0
22971,2020-03-31,Montana,12,0
22972,2020-03-31,Montana,1,0
22973,2020-03-31,Montana,5,1
22974,2020-03-31,Montana,6,1
22975,2020-03-31,Montana,1,0
22976,2020-03-31,Montana,14,0
22977,2020-03-31,Montana,1,0
22978,2020-03-31,Montana,3,0
22979,2020-03-31,Montana,1,0
22980,2020-03-31,Montana,1,0
22981,2020-03-31,Montana,10,0
22982,2020-03-31,Montana,6,2
22983,2020-03-31,Montana,31,0
22984,2020-03-31,Nebraska,3,0
22985,2020-03-31,Nebraska,1,0
22986,2020-03-31,Nebraska,6,1
22987,2020-03-31,Nebraska,2,0
22988,2020-03-31,Nebraska,1,0
22989,2020-03-31,Nebraska,3,0
22990,2020-03-31,Nebraska,113,1
22991,2020-03-31,Nebraska,1,0
22992,2020-03-31,Nebraska,9,1
22993,2020-03-31,Nebraska,1,0
22994,2020-03-31,Nebraska,1,0
22995,2020-03-31,Nebraska,2,0
22996,2020-03-31,Nebraska,8,0
22997,2020-03-31,Nebraska,5,1
22998,2020-03-31,Nebraska,2,0
22999,2020-03-31,Nebraska,1,0
23000,2020-03-31,Nebraska,1,0
23001,2020-03-31,Nebraska,16,0
23002,2020-03-31,Nebraska,2,0
23003,2020-03-31,Nebraska,1,0
23004,2020-03-31,Nebraska,2,0
23005,2020-03-31,Nebraska,19,0
23006,2020-03-31,Nebraska,1,0
23007,2020-03-31,Nevada,5,0
23008,2020-03-31,Nevada,869,23
23009,2020-03-31,Nevada,5,0
23010,2020-03-31,Nevada,5,0
23011,2020-03-31,Nevada,3,0
23012,2020-03-31,Nevada,1,0
23013,2020-03-31,Nevada,1,0
23014,2020-03-31,Nevada,103,0
23015,2020-03-31,Nevada,121,3
23016,2020-03-31,New Hampshire,12,0
23017,2020-03-31,New Hampshire,12,0
23018,2020-03-31,New Hampshire,4,0
23019,2020-03-31,New Hampshire,35,0
23020,2020-03-31,New Hampshire,108,2
23021,2020-03-31,New Hampshire,27,0
23022,2020-03-31,New Hampshire,137,1
23023,2020-03-31,New Hampshire,28,0
23024,2020-03-31,New Hampshire,4,0
23025,2020-03-31,New Jersey,31,0
23026,2020-03-31,New Jersey,2909,53
23027,2020-03-31,New Jersey,202,5
23028,2020-03-31,New Jersey,228,3
23029,2020-03-31,New Jersey,15,0
23030,2020-03-31,New Jersey,18,1
23031,2020-03-31,New Jersey,1900,47
23032,2020-03-31,New Jersey,114,2
23033,2020-03-31,New Jersey,1606,16
23034,2020-03-31,New Jersey,97,0
23035,2020-03-31,New Jersey,268,1
23036,2020-03-31,New Jersey,1277,24
23037,2020-03-31,New Jersey,1140,21
23038,2020-03-31,New Jersey,841,21
23039,2020-03-31,New Jersey,1022,18
23040,2020-03-31,New Jersey,1294,11
23041,2020-03-31,New Jersey,12,1
23042,2020-03-31,New Jersey,413,14
23043,2020-03-31,New Jersey,132,3
23044,2020-03-31,New Jersey,1418,24
23045,2020-03-31,New Jersey,3683,7
23046,2020-03-31,New Jersey,76,2
23047,2020-03-31,New Mexico,129,3
23048,2020-03-31,New Mexico,10,0
23049,2020-03-31,New Mexico,2,0
23050,2020-03-31,New Mexico,3,0
23051,2020-03-31,New Mexico,18,0
23052,2020-03-31,New Mexico,4,1
23053,2020-03-31,New Mexico,2,0
23054,2020-03-31,New Mexico,16,0
23055,2020-03-31,New Mexico,4,0
23056,2020-03-31,New Mexico,1,0
23057,2020-03-31,New Mexico,32,0
23058,2020-03-31,New Mexico,1,0
23059,2020-03-31,New Mexico,29,0
23060,2020-03-31,New Mexico,42,0
23061,2020-03-31,New Mexico,3,0
23062,2020-03-31,New Mexico,11,0
23063,2020-03-31,New Mexico,3,0
23064,2020-03-31,New Mexico,5,0
23065,2020-03-31,New York,226,1
23066,2020-03-31,New York,7,0
23067,2020-03-31,New York,38,3
23068,2020-03-31,New York,6,0
23069,2020-03-31,New York,3,0
23070,2020-03-31,New York,6,0
23071,2020-03-31,New York,20,0
23072,2020-03-31,New York,19,0
23073,2020-03-31,New York,21,0
23074,2020-03-31,New York,36,1
23075,2020-03-31,New York,8,0
23076,2020-03-31,New York,16,0
23077,2020-03-31,New York,484,4
23078,2020-03-31,New York,438,8
23079,2020-03-31,New York,5,0
23080,2020-03-31,New York,9,0
23081,2020-03-31,New York,1,0
23082,2020-03-31,New York,10,0
23083,2020-03-31,New York,16,0
23084,2020-03-31,New York,2,0
23085,2020-03-31,New York,12,2
23086,2020-03-31,New York,12,0
23087,2020-03-31,New York,2,0
23088,2020-03-31,New York,13,0
23089,2020-03-31,New York,41,0
23090,2020-03-31,New York,300,9
23091,2020-03-31,New York,7,0
23092,2020-03-31,New York,8544,63
23093,2020-03-31,New York,43139,1096
23094,2020-03-31,New York,42,0
23095,2020-03-31,New York,40,0
23096,2020-03-31,New York,194,0
23097,2020-03-31,New York,22,0
23098,2020-03-31,New York,1560,3
23099,2020-03-31,New York,6,0
23100,2020-03-31,New York,15,0
23101,2020-03-31,New York,18,0
23102,2020-03-31,New York,186,0
23103,2020-03-31,New York,55,0
23104,2020-03-31,New York,2863,8
23105,2020-03-31,New York,108,1
23106,2020-03-31,New York,85,0
23107,2020-03-31,New York,6,0
23108,2020-03-31,New York,2,0
23109,2020-03-31,New York,2,0
23110,2020-03-31,New York,30,0
23111,2020-03-31,New York,24,0
23112,2020-03-31,New York,6713,53
23113,2020-03-31,New York,109,1
23114,2020-03-31,New York,7,0
23115,2020-03-31,New York,66,0
23116,2020-03-31,New York,215,3
23117,2020-03-31,New York,18,0
23118,2020-03-31,New York,10,0
23119,2020-03-31,New York,19,0
23120,2020-03-31,New York,9967,25
23121,2020-03-31,New York,9,1
23122,2020-03-31,North Carolina,7,0
23123,2020-03-31,North Carolina,2,0
23124,2020-03-31,North Carolina,2,0
23125,2020-03-31,North Carolina,1,0
23126,2020-03-31,North Carolina,4,0
23127,2020-03-31,North Carolina,6,0
23128,2020-03-31,North Carolina,14,0
23129,2020-03-31,North Carolina,22,1
23130,2020-03-31,North Carolina,5,0
23131,2020-03-31,North Carolina,47,1
23132,2020-03-31,North Carolina,3,0
23133,2020-03-31,North Carolina,12,0
23134,2020-03-31,North Carolina,1,0
23135,2020-03-31,North Carolina,15,0
23136,2020-03-31,North Carolina,17,0
23137,2020-03-31,North Carolina,8,1
23138,2020-03-31,North Carolina,1,0
23139,2020-03-31,North Carolina,6,0
23140,2020-03-31,North Carolina,2,0
23141,2020-03-31,North Carolina,6,0
23142,2020-03-31,North Carolina,18,0
23143,2020-03-31,North Carolina,1,0
23144,2020-03-31,North Carolina,23,0
23145,2020-03-31,North Carolina,11,0
23146,2020-03-31,North Carolina,1,0
23147,2020-03-31,North Carolina,122,0
23148,2020-03-31,North Carolina,3,0
23149,2020-03-31,North Carolina,42,1
23150,2020-03-31,North Carolina,11,0
23151,2020-03-31,North Carolina,29,0
23152,2020-03-31,North Carolina,9,0
23153,2020-03-31,North Carolina,3,0
23154,2020-03-31,North Carolina,52,1
23155,2020-03-31,North Carolina,4,0
23156,2020-03-31,North Carolina,18,1
23157,2020-03-31,North Carolina,18,0
23158,2020-03-31,North Carolina,4,0
23159,2020-03-31,North Carolina,4,0
23160,2020-03-31,North Carolina,25,0
23161,2020-03-31,North Carolina,1,0
23162,2020-03-31,North Carolina,15,1
23163,2020-03-31,North Carolina,2,0
23164,2020-03-31,North Carolina,3,0
23165,2020-03-31,North Carolina,4,0
23166,2020-03-31,North Carolina,2,0
23167,2020-03-31,North Carolina,7,0
23168,2020-03-31,North Carolina,420,1
23169,2020-03-31,North Carolina,6,0
23170,2020-03-31,North Carolina,8,0
23171,2020-03-31,North Carolina,9,0
23172,2020-03-31,North Carolina,28,0
23173,2020-03-31,North Carolina,30,0
23174,2020-03-31,North Carolina,7,1
23175,2020-03-31,North Carolina,35,0
23176,2020-03-31,North Carolina,1,0
23177,2020-03-31,North Carolina,4,0
23178,2020-03-31,North Carolina,1,0
23179,2020-03-31,North Carolina,2,0
23180,2020-03-31,North Carolina,27,0
23181,2020-03-31,North Carolina,3,0
23182,2020-03-31,North Carolina,17,0
23183,2020-03-31,North Carolina,1,0
23184,2020-03-31,North Carolina,3,0
23185,2020-03-31,North Carolina,1,0
23186,2020-03-31,North Carolina,24,1
23187,2020-03-31,North Carolina,5,0
23188,2020-03-31,North Carolina,1,0
23189,2020-03-31,North Carolina,2,0
23190,2020-03-31,North Carolina,5,0
23191,2020-03-31,North Carolina,2,0
23192,2020-03-31,North Carolina,5,0
23193,2020-03-31,North Carolina,42,0
23194,2020-03-31,North Carolina,4,0
23195,2020-03-31,North Carolina,192,0
23196,2020-03-31,North Carolina,2,0
23197,2020-03-31,North Carolina,5,0
23198,2020-03-31,North Carolina,4,0
23199,2020-03-31,North Carolina,2,0
23200,2020-03-31,North Carolina,15,0
23201,2020-03-31,North Carolina,3,0
23202,2020-03-31,North Dakota,2,0
23203,2020-03-31,North Dakota,30,0
23204,2020-03-31,North Dakota,31,1
23205,2020-03-31,North Dakota,1,0
23206,2020-03-31,North Dakota,1,0
23207,2020-03-31,North Dakota,1,0
23208,2020-03-31,North Dakota,3,0
23209,2020-03-31,North Dakota,1,0
23210,2020-03-31,North Dakota,1,1
23211,2020-03-31,North Dakota,1,0
23212,2020-03-31,North Dakota,1,0
23213,2020-03-31,North Dakota,2,0
23214,2020-03-31,North Dakota,14,1
23215,2020-03-31,North Dakota,5,0
23216,2020-03-31,North Dakota,1,0
23217,2020-03-31,North Dakota,2,0
23218,2020-03-31,North Dakota,3,0
23219,2020-03-31,North Dakota,1,0
23220,2020-03-31,North Dakota,12,0
23221,2020-03-31,North Dakota,1,0
23222,2020-03-31,North Dakota,9,0
23223,2020-03-31,North Dakota,3,0
23224,2020-03-31,Northern Mariana Islands,2,0
23225,2020-03-31,Ohio,5,0
23226,2020-03-31,Ohio,2,0
23227,2020-03-31,Ohio,6,0
23228,2020-03-31,Ohio,3,1
23229,2020-03-31,Ohio,2,0
23230,2020-03-31,Ohio,9,0
23231,2020-03-31,Ohio,2,1
23232,2020-03-31,Ohio,36,0
23233,2020-03-31,Ohio,5,0
23234,2020-03-31,Ohio,3,0
23235,2020-03-31,Ohio,6,0
23236,2020-03-31,Ohio,10,0
23237,2020-03-31,Ohio,3,0
23238,2020-03-31,Ohio,15,2
23239,2020-03-31,Ohio,5,0
23240,2020-03-31,Ohio,5,0
23241,2020-03-31,Ohio,527,6
23242,2020-03-31,Ohio,13,1
23243,2020-03-31,Ohio,5,0
23244,2020-03-31,Ohio,40,1
23245,2020-03-31,Ohio,5,1
23246,2020-03-31,Ohio,14,0
23247,2020-03-31,Ohio,1,0
23248,2020-03-31,Ohio,325,3
23249,2020-03-31,Ohio,2,0
23250,2020-03-31,Ohio,1,1
23251,2020-03-31,Ohio,24,0
23252,2020-03-31,Ohio,6,1
23253,2020-03-31,Ohio,124,0
23254,2020-03-31,Ohio,5,0
23255,2020-03-31,Ohio,1,0
23256,2020-03-31,Ohio,1,0
23257,2020-03-31,Ohio,4,1
23258,2020-03-31,Ohio,11,0
23259,2020-03-31,Ohio,4,0
23260,2020-03-31,Ohio,44,2
23261,2020-03-31,Ohio,1,0
23262,2020-03-31,Ohio,25,0
23263,2020-03-31,Ohio,3,0
23264,2020-03-31,Ohio,82,2
23265,2020-03-31,Ohio,133,3
23266,2020-03-31,Ohio,7,0
23267,2020-03-31,Ohio,153,9
23268,2020-03-31,Ohio,8,0
23269,2020-03-31,Ohio,55,1
23270,2020-03-31,Ohio,2,0
23271,2020-03-31,Ohio,52,6
23272,2020-03-31,Ohio,37,1
23273,2020-03-31,Ohio,2,0
23274,2020-03-31,Ohio,2,0
23275,2020-03-31,Ohio,1,0
23276,2020-03-31,Ohio,12,0
23277,2020-03-31,Ohio,1,0
23278,2020-03-31,Ohio,38,1
23279,2020-03-31,Ohio,1,0
23280,2020-03-31,Ohio,6,0
23281,2020-03-31,Ohio,2,0
23282,2020-03-31,Ohio,4,0
23283,2020-03-31,Ohio,3,1
23284,2020-03-31,Ohio,5,0
23285,2020-03-31,Ohio,45,3
23286,2020-03-31,Ohio,131,5
23287,2020-03-31,Ohio,50,2
23288,2020-03-31,Ohio,9,0
23289,2020-03-31,Ohio,4,0
23290,2020-03-31,Ohio,1,0
23291,2020-03-31,Ohio,21,0
23292,2020-03-31,Ohio,3,0
23293,2020-03-31,Ohio,9,0
23294,2020-03-31,Ohio,15,0
23295,2020-03-31,Ohio,2,0
23296,2020-03-31,Oklahoma,4,0
23297,2020-03-31,Oklahoma,1,0
23298,2020-03-31,Oklahoma,1,0
23299,2020-03-31,Oklahoma,1,0
23300,2020-03-31,Oklahoma,19,1
23301,2020-03-31,Oklahoma,1,0
23302,2020-03-31,Oklahoma,4,0
23303,2020-03-31,Oklahoma,1,0
23304,2020-03-31,Oklahoma,65,6
23305,2020-03-31,Oklahoma,15,0
23306,2020-03-31,Oklahoma,1,0
23307,2020-03-31,Oklahoma,1,0
23308,2020-03-31,Oklahoma,21,1
23309,2020-03-31,Oklahoma,4,0
23310,2020-03-31,Oklahoma,7,0
23311,2020-03-31,Oklahoma,2,0
23312,2020-03-31,Oklahoma,6,0
23313,2020-03-31,Oklahoma,2,0
23314,2020-03-31,Oklahoma,1,0
23315,2020-03-31,Oklahoma,24,0
23316,2020-03-31,Oklahoma,1,0
23317,2020-03-31,Oklahoma,1,0
23318,2020-03-31,Oklahoma,5,0
23319,2020-03-31,Oklahoma,4,0
23320,2020-03-31,Oklahoma,1,0
23321,2020-03-31,Oklahoma,4,0
23322,2020-03-31,Oklahoma,3,0
23323,2020-03-31,Oklahoma,8,1
23324,2020-03-31,Oklahoma,4,0
23325,2020-03-31,Oklahoma,5,0
23326,2020-03-31,Oklahoma,155,7
23327,2020-03-31,Oklahoma,3,0
23328,2020-03-31,Oklahoma,16,0
23329,2020-03-31,Oklahoma,7,0
23330,2020-03-31,Oklahoma,15,1
23331,2020-03-31,Oklahoma,15,0
23332,2020-03-31,Oklahoma,2,0
23333,2020-03-31,Oklahoma,5,0
23334,2020-03-31,Oklahoma,5,0
23335,2020-03-31,Oklahoma,3,0
23336,2020-03-31,Oklahoma,1,0
23337,2020-03-31,Oklahoma,2,1
23338,2020-03-31,Oklahoma,5,0
23339,2020-03-31,Oklahoma,1,0
23340,2020-03-31,Oklahoma,83,3
23341,2020-03-31,Oklahoma,10,2
23342,2020-03-31,Oklahoma,21,0
23343,2020-03-31,Oregon,12,1
23344,2020-03-31,Oregon,50,3
23345,2020-03-31,Oregon,3,0
23346,2020-03-31,Oregon,1,0
23347,2020-03-31,Oregon,24,0
23348,2020-03-31,Oregon,9,0
23349,2020-03-31,Oregon,1,0
23350,2020-03-31,Oregon,3,0
23351,2020-03-31,Oregon,21,0
23352,2020-03-31,Oregon,10,0
23353,2020-03-31,Oregon,5,0
23354,2020-03-31,Oregon,16,1
23355,2020-03-31,Oregon,2,0
23356,2020-03-31,Oregon,37,2
23357,2020-03-31,Oregon,1,0
23358,2020-03-31,Oregon,141,3
23359,2020-03-31,Oregon,1,0
23360,2020-03-31,Oregon,116,2
23361,2020-03-31,Oregon,18,0
23362,2020-03-31,Oregon,3,0
23363,2020-03-31,Oregon,5,0
23364,2020-03-31,Oregon,1,0
23365,2020-03-31,Oregon,1,0
23366,2020-03-31,Oregon,7,0
23367,2020-03-31,Oregon,186,3
23368,2020-03-31,Oregon,16,3
23369,2020-03-31,Pennsylvania,9,0
23370,2020-03-31,Pennsylvania,325,2
23371,2020-03-31,Pennsylvania,5,0
23372,2020-03-31,Pennsylvania,52,1
23373,2020-03-31,Pennsylvania,2,0
23374,2020-03-31,Pennsylvania,110,0
23375,2020-03-31,Pennsylvania,6,0
23376,2020-03-31,Pennsylvania,7,0
23377,2020-03-31,Pennsylvania,319,6
23378,2020-03-31,Pennsylvania,60,2
23379,2020-03-31,Pennsylvania,2,0
23380,2020-03-31,Pennsylvania,1,0
23381,2020-03-31,Pennsylvania,17,1
23382,2020-03-31,Pennsylvania,26,0
23383,2020-03-31,Pennsylvania,159,1
23384,2020-03-31,Pennsylvania,3,0
23385,2020-03-31,Pennsylvania,4,0
23386,2020-03-31,Pennsylvania,7,0
23387,2020-03-31,Pennsylvania,4,0
23388,2020-03-31,Pennsylvania,36,1
23389,2020-03-31,Pennsylvania,45,1
23390,2020-03-31,Pennsylvania,338,6
23391,2020-03-31,Pennsylvania,14,0
23392,2020-03-31,Pennsylvania,14,0
23393,2020-03-31,Pennsylvania,19,0
23394,2020-03-31,Pennsylvania,9,0
23395,2020-03-31,Pennsylvania,1,0
23396,2020-03-31,Pennsylvania,6,0
23397,2020-03-31,Pennsylvania,3,0
23398,2020-03-31,Pennsylvania,78,3
23399,2020-03-31,Pennsylvania,123,3
23400,2020-03-31,Pennsylvania,13,2
23401,2020-03-31,Pennsylvania,28,0
23402,2020-03-31,Pennsylvania,272,4
23403,2020-03-31,Pennsylvania,212,4
23404,2020-03-31,Pennsylvania,6,0
23405,2020-03-31,Pennsylvania,1,0
23406,2020-03-31,Pennsylvania,8,0
23407,2020-03-31,Pennsylvania,2,0
23408,2020-03-31,Pennsylvania,236,7
23409,2020-03-31,Pennsylvania,570,6
23410,2020-03-31,Pennsylvania,10,0
23411,2020-03-31,Pennsylvania,245,5
23412,2020-03-31,Pennsylvania,1,0
23413,2020-03-31,Pennsylvania,1,0
23414,2020-03-31,Pennsylvania,1315,14
23415,2020-03-31,Pennsylvania,48,1
23416,2020-03-31,Pennsylvania,2,0
23417,2020-03-31,Pennsylvania,38,0
23418,2020-03-31,Pennsylvania,2,1
23419,2020-03-31,Pennsylvania,2,0
23420,2020-03-31,Pennsylvania,1,0
23421,2020-03-31,Pennsylvania,2,0
23422,2020-03-31,Pennsylvania,4,0
23423,2020-03-31,Pennsylvania,3,0
23424,2020-03-31,Pennsylvania,1,0
23425,2020-03-31,Pennsylvania,33,0
23426,2020-03-31,Pennsylvania,10,0
23427,2020-03-31,Pennsylvania,61,0
23428,2020-03-31,Pennsylvania,66,0
23429,2020-03-31,Puerto Rico,239,8
23430,2020-03-31,Rhode Island,19,0
23431,2020-03-31,Rhode Island,40,0
23432,2020-03-31,Rhode Island,23,0
23433,2020-03-31,Rhode Island,305,0
23434,2020-03-31,Rhode Island,179,8
23435,2020-03-31,Rhode Island,29,0
23436,2020-03-31,South Carolina,4,0
23437,2020-03-31,South Carolina,13,1
23438,2020-03-31,South Carolina,39,1
23439,2020-03-31,South Carolina,2,0
23440,2020-03-31,South Carolina,1,0
23441,2020-03-31,South Carolina,91,1
23442,2020-03-31,South Carolina,15,0
23443,2020-03-31,South Carolina,3,1
23444,2020-03-31,South Carolina,142,1
23445,2020-03-31,South Carolina,2,0
23446,2020-03-31,South Carolina,6,0
23447,2020-03-31,South Carolina,25,1
23448,2020-03-31,South Carolina,5,0
23449,2020-03-31,South Carolina,11,0
23450,2020-03-31,South Carolina,1,0
23451,2020-03-31,South Carolina,17,0
23452,2020-03-31,South Carolina,2,0
23453,2020-03-31,South Carolina,6,0
23454,2020-03-31,South Carolina,19,3
23455,2020-03-31,South Carolina,13,0
23456,2020-03-31,South Carolina,106,1
23457,2020-03-31,South Carolina,5,0
23458,2020-03-31,South Carolina,37,3
23459,2020-03-31,South Carolina,3,0
23460,2020-03-31,South Carolina,105,2
23461,2020-03-31,South Carolina,15,0
23462,2020-03-31,South Carolina,3,0
23463,2020-03-31,South Carolina,5,0
23464,2020-03-31,South Carolina,54,1
23465,2020-03-31,South Carolina,2,1
23466,2020-03-31,South Carolina,2,0
23467,2020-03-31,South Carolina,2,0
23468,2020-03-31,South Carolina,5,0
23469,2020-03-31,South Carolina,22,0
23470,2020-03-31,South Carolina,14,0
23471,2020-03-31,South Carolina,148,2
23472,2020-03-31,South Carolina,1,0
23473,2020-03-31,South Carolina,37,0
23474,2020-03-31,South Carolina,39,2
23475,2020-03-31,South Carolina,3,0
23476,2020-03-31,South Carolina,2,0
23477,2020-03-31,South Carolina,56,1
23478,2020-03-31,South Dakota,1,0
23479,2020-03-31,South Dakota,20,0
23480,2020-03-31,South Dakota,1,0
23481,2020-03-31,South Dakota,1,0
23482,2020-03-31,South Dakota,3,0
23483,2020-03-31,South Dakota,1,0
23484,2020-03-31,South Dakota,1,0
23485,2020-03-31,South Dakota,3,0
23486,2020-03-31,South Dakota,5,0
23487,2020-03-31,South Dakota,2,1
23488,2020-03-31,South Dakota,1,0
23489,2020-03-31,South Dakota,1,0
23490,2020-03-31,South Dakota,1,0
23491,2020-03-31,South Dakota,1,0
23492,2020-03-31,South Dakota,1,0
23493,2020-03-31,South Dakota,2,0
23494,2020-03-31,South Dakota,1,0
23495,2020-03-31,South Dakota,6,0
23496,2020-03-31,South Dakota,5,0
23497,2020-03-31,South Dakota,1,0
23498,2020-03-31,South Dakota,1,0
23499,2020-03-31,South Dakota,2,0
23500,2020-03-31,South Dakota,1,0
23501,2020-03-31,South Dakota,31,0
23502,2020-03-31,South Dakota,5,0
23503,2020-03-31,South Dakota,1,0
23504,2020-03-31,South Dakota,1,0
23505,2020-03-31,South Dakota,1,0
23506,2020-03-31,South Dakota,1,0
23507,2020-03-31,South Dakota,6,0
23508,2020-03-31,Tennessee,10,0
23509,2020-03-31,Tennessee,2,0
23510,2020-03-31,Tennessee,4,0
23511,2020-03-31,Tennessee,2,0
23512,2020-03-31,Tennessee,25,0
23513,2020-03-31,Tennessee,10,0
23514,2020-03-31,Tennessee,4,0
23515,2020-03-31,Tennessee,3,0
23516,2020-03-31,Tennessee,5,0
23517,2020-03-31,Tennessee,1,0
23518,2020-03-31,Tennessee,10,0
23519,2020-03-31,Tennessee,3,0
23520,2020-03-31,Tennessee,2,0
23521,2020-03-31,Tennessee,1,0
23522,2020-03-31,Tennessee,1,0
23523,2020-03-31,Tennessee,11,0
23524,2020-03-31,Tennessee,541,3
23525,2020-03-31,Tennessee,4,0
23526,2020-03-31,Tennessee,17,0
23527,2020-03-31,Tennessee,3,0
23528,2020-03-31,Tennessee,12,0
23529,2020-03-31,Tennessee,1,0
23530,2020-03-31,Tennessee,5,0
23531,2020-03-31,Tennessee,6,0
23532,2020-03-31,Tennessee,3,0
23533,2020-03-31,Tennessee,12,0
23534,2020-03-31,Tennessee,4,0
23535,2020-03-31,Tennessee,2,0
23536,2020-03-31,Tennessee,48,0
23537,2020-03-31,Tennessee,1,0
23538,2020-03-31,Tennessee,1,0
23539,2020-03-31,Tennessee,4,0
23540,2020-03-31,Tennessee,2,0
23541,2020-03-31,Tennessee,1,0
23542,2020-03-31,Tennessee,1,0
23543,2020-03-31,Tennessee,2,0
23544,2020-03-31,Tennessee,6,0
23545,2020-03-31,Tennessee,2,0
23546,2020-03-31,Tennessee,66,0
23547,2020-03-31,Tennessee,2,0
23548,2020-03-31,Tennessee,2,0
23549,2020-03-31,Tennessee,1,0
23550,2020-03-31,Tennessee,8,0
23551,2020-03-31,Tennessee,4,0
23552,2020-03-31,Tennessee,5,0
23553,2020-03-31,Tennessee,6,0
23554,2020-03-31,Tennessee,1,0
23555,2020-03-31,Tennessee,15,0
23556,2020-03-31,Tennessee,3,0
23557,2020-03-31,Tennessee,1,0
23558,2020-03-31,Tennessee,1,0
23559,2020-03-31,Tennessee,5,0
23560,2020-03-31,Tennessee,19,0
23561,2020-03-31,Tennessee,1,0
23562,2020-03-31,Tennessee,1,0
23563,2020-03-31,Tennessee,2,0
23564,2020-03-31,Tennessee,2,0
23565,2020-03-31,Tennessee,24,0
23566,2020-03-31,Tennessee,2,0
23567,2020-03-31,Tennessee,27,0
23568,2020-03-31,Tennessee,57,0
23569,2020-03-31,Tennessee,2,0
23570,2020-03-31,Tennessee,7,0
23571,2020-03-31,Tennessee,396,1
23572,2020-03-31,Tennessee,1,0
23573,2020-03-31,Tennessee,11,0
23574,2020-03-31,Tennessee,164,0
23575,2020-03-31,Tennessee,16,0
23576,2020-03-31,Tennessee,3,0
23577,2020-03-31,Tennessee,1,0
23578,2020-03-31,Tennessee,1,0
23579,2020-03-31,Tennessee,109,9
23580,2020-03-31,Tennessee,1,0
23581,2020-03-31,Tennessee,14,0
23582,2020-03-31,Tennessee,1,0
23583,2020-03-31,Tennessee,1,0
23584,2020-03-31,Tennessee,1,0
23585,2020-03-31,Tennessee,111,0
23586,2020-03-31,Tennessee,32,0
23587,2020-03-31,Texas,1,0
23588,2020-03-31,Texas,4,0
23589,2020-03-31,Texas,2,0
23590,2020-03-31,Texas,2,0
23591,2020-03-31,Texas,2,0
23592,2020-03-31,Texas,6,0
23593,2020-03-31,Texas,36,1
23594,2020-03-31,Texas,207,9
23595,2020-03-31,Texas,1,0
23596,2020-03-31,Texas,9,0
23597,2020-03-31,Texas,95,1
23598,2020-03-31,Texas,46,2
23599,2020-03-31,Texas,3,0
23600,2020-03-31,Texas,1,0
23601,2020-03-31,Texas,2,0
23602,2020-03-31,Texas,1,0
23603,2020-03-31,Texas,3,0
23604,2020-03-31,Texas,26,0
23605,2020-03-31,Texas,2,0
23606,2020-03-31,Texas,8,0
23607,2020-03-31,Texas,8,0
23608,2020-03-31,Texas,2,0
23609,2020-03-31,Texas,160,1
23610,2020-03-31,Texas,11,2
23611,2020-03-31,Texas,1,0
23612,2020-03-31,Texas,1,0
23613,2020-03-31,Texas,1,0
23614,2020-03-31,Texas,631,13
23615,2020-03-31,Texas,3,0
23616,2020-03-31,Texas,3,0
23617,2020-03-31,Texas,2,0
23618,2020-03-31,Texas,206,4
23619,2020-03-31,Texas,3,0
23620,2020-03-31,Texas,7,0
23621,2020-03-31,Texas,50,0
23622,2020-03-31,Texas,16,1
23623,2020-03-31,Texas,1,0
23624,2020-03-31,Texas,1,0
23625,2020-03-31,Texas,1,0
23626,2020-03-31,Texas,2,0
23627,2020-03-31,Texas,138,2
23628,2020-03-31,Texas,1,0
23629,2020-03-31,Texas,1,0
23630,2020-03-31,Texas,106,0
23631,2020-03-31,Texas,7,0
23632,2020-03-31,Texas,5,0
23633,2020-03-31,Texas,3,0
23634,2020-03-31,Texas,15,0
23635,2020-03-31,Texas,1,0
23636,2020-03-31,Texas,1,0
23637,2020-03-31,Texas,12,1
23638,2020-03-31,Texas,680,6
23639,2020-03-31,Texas,1,0
23640,2020-03-31,Texas,24,0
23641,2020-03-31,Texas,1,0
23642,2020-03-31,Texas,38,0
23643,2020-03-31,Texas,1,0
23644,2020-03-31,Texas,7,0
23645,2020-03-31,Texas,6,0
23646,2020-03-31,Texas,3,0
23647,2020-03-31,Texas,4,0
23648,2020-03-31,Texas,1,0
23649,2020-03-31,Texas,18,0
23650,2020-03-31,Texas,8,1
23651,2020-03-31,Texas,2,0
23652,2020-03-31,Texas,3,0
23653,2020-03-31,Texas,7,0
23654,2020-03-31,Texas,1,0
23655,2020-03-31,Texas,3,0
23656,2020-03-31,Texas,1,0
23657,2020-03-31,Texas,1,0
23658,2020-03-31,Texas,1,0
23659,2020-03-31,Texas,2,0
23660,2020-03-31,Texas,2,0
23661,2020-03-31,Texas,3,0
23662,2020-03-31,Texas,77,1
23663,2020-03-31,Texas,2,0
23664,2020-03-31,Texas,1,0
23665,2020-03-31,Texas,27,2
23666,2020-03-31,Texas,1,0
23667,2020-03-31,Texas,39,1
23668,2020-03-31,Texas,3,0
23669,2020-03-31,Texas,13,1
23670,2020-03-31,Texas,2,0
23671,2020-03-31,Texas,1,0
23672,2020-03-31,Texas,81,0
23673,2020-03-31,Texas,1,0
23674,2020-03-31,Texas,1,0
23675,2020-03-31,Texas,2,0
23676,2020-03-31,Texas,3,0
23677,2020-03-31,Texas,31,0
23678,2020-03-31,Texas,2,1
23679,2020-03-31,Texas,5,0
23680,2020-03-31,Texas,4,0
23681,2020-03-31,Texas,4,0
23682,2020-03-31,Texas,5,0
23683,2020-03-31,Texas,6,0
23684,2020-03-31,Texas,2,0
23685,2020-03-31,Texas,5,0
23686,2020-03-31,Texas,3,0
23687,2020-03-31,Texas,1,0
23688,2020-03-31,Texas,1,0
23689,2020-03-31,Texas,2,0
23690,2020-03-31,Texas,32,1
23691,2020-03-31,Texas,2,0
23692,2020-03-31,Texas,1,0
23693,2020-03-31,Texas,175,1
23694,2020-03-31,Texas,11,0
23695,2020-03-31,Texas,4,0
23696,2020-03-31,Texas,6,0
23697,2020-03-31,Texas,206,2
23698,2020-03-31,Texas,2,0
23699,2020-03-31,Texas,2,0
23700,2020-03-31,Texas,5,0
23701,2020-03-31,Texas,2,1
23702,2020-03-31,Texas,9,0
23703,2020-03-31,Texas,3,0
23704,2020-03-31,Texas,3,0
23705,2020-03-31,Texas,8,0
23706,2020-03-31,Texas,37,2
23707,2020-03-31,Texas,6,0
23708,2020-03-31,Texas,30,0
23709,2020-03-31,Texas,2,0
23710,2020-03-31,Texas,42,1
23711,2020-03-31,Texas,3,0
23712,2020-03-31,Texas,1,0
23713,2020-03-31,Texas,1,0
23714,2020-03-31,Texas,1,0
23715,2020-03-31,Utah,7,0
23716,2020-03-31,Utah,7,0
23717,2020-03-31,Utah,84,1
23718,2020-03-31,Utah,1,0
23719,2020-03-31,Utah,6,0
23720,2020-03-31,Utah,3,0
23721,2020-03-31,Utah,396,0
23722,2020-03-31,Utah,4,0
23723,2020-03-31,Utah,172,0
23724,2020-03-31,Utah,12,0
23725,2020-03-31,Utah,1,0
23726,2020-03-31,Utah,19,3
23727,2020-03-31,Utah,70,0
23728,2020-03-31,Utah,50,0
23729,2020-03-31,Utah,14,0
23730,2020-03-31,Utah,41,1
23731,2020-03-31,Vermont,23,0
23732,2020-03-31,Vermont,18,0
23733,2020-03-31,Vermont,2,0
23734,2020-03-31,Vermont,152,6
23735,2020-03-31,Vermont,13,0
23736,2020-03-31,Vermont,13,0
23737,2020-03-31,Vermont,4,0
23738,2020-03-31,Vermont,7,0
23739,2020-03-31,Vermont,6,0
23740,2020-03-31,Vermont,23,6
23741,2020-03-31,Vermont,15,0
23742,2020-03-31,Vermont,11,0
23743,2020-03-31,Vermont,18,1
23744,2020-03-31,Virgin Islands,30,0
23745,2020-03-31,Virginia,7,0
23746,2020-03-31,Virginia,21,0
23747,2020-03-31,Virginia,30,0
23748,2020-03-31,Virginia,1,0
23749,2020-03-31,Virginia,2,0
23750,2020-03-31,Virginia,3,0
23751,2020-03-31,Virginia,104,2
23752,2020-03-31,Virginia,2,0
23753,2020-03-31,Virginia,5,0
23754,2020-03-31,Virginia,1,0
23755,2020-03-31,Virginia,1,0
23756,2020-03-31,Virginia,2,0
23757,2020-03-31,Virginia,1,0
23758,2020-03-31,Virginia,1,0
23759,2020-03-31,Virginia,1,0
23760,2020-03-31,Virginia,14,0
23761,2020-03-31,Virginia,23,0
23762,2020-03-31,Virginia,43,0
23763,2020-03-31,Virginia,1,0
23764,2020-03-31,Virginia,3,0
23765,2020-03-31,Virginia,4,0
23766,2020-03-31,Virginia,244,2
23767,2020-03-31,Virginia,1,0
23768,2020-03-31,Virginia,7,0
23769,2020-03-31,Virginia,3,0
23770,2020-03-31,Virginia,5,0
23771,2020-03-31,Virginia,1,0
23772,2020-03-31,Virginia,12,0
23773,2020-03-31,Virginia,1,0
23774,2020-03-31,Virginia,1,0
23775,2020-03-31,Virginia,7,0
23776,2020-03-31,Virginia,7,0
23777,2020-03-31,Virginia,1,0
23778,2020-03-31,Virginia,3,0
23779,2020-03-31,Virginia,1,0
23780,2020-03-31,Virginia,13,0
23781,2020-03-31,Virginia,6,0
23782,2020-03-31,Virginia,6,0
23783,2020-03-31,Virginia,62,3
23784,2020-03-31,Virginia,1,0
23785,2020-03-31,Virginia,4,0
23786,2020-03-31,Virginia,4,0
23787,2020-03-31,Virginia,89,3
23788,2020-03-31,Virginia,3,0
23789,2020-03-31,Virginia,1,0
23790,2020-03-31,Virginia,1,0
23791,2020-03-31,Virginia,1,0
23792,2020-03-31,Virginia,2,0
23793,2020-03-31,Virginia,87,0
23794,2020-03-31,Virginia,9,0
23795,2020-03-31,Virginia,5,0
23796,2020-03-31,Virginia,3,0
23797,2020-03-31,Virginia,1,0
23798,2020-03-31,Virginia,8,0
23799,2020-03-31,Virginia,2,0
23800,2020-03-31,Virginia,4,0
23801,2020-03-31,Virginia,1,0
23802,2020-03-31,Virginia,2,0
23803,2020-03-31,Virginia,1,0
23804,2020-03-31,Virginia,23,1
23805,2020-03-31,Virginia,27,0
23806,2020-03-31,Virginia,1,0
23807,2020-03-31,Virginia,3,0
23808,2020-03-31,Virginia,1,0
23809,2020-03-31,Virginia,2,0
23810,2020-03-31,Virginia,1,0
23811,2020-03-31,Virginia,2,0
23812,2020-03-31,Virginia,1,0
23813,2020-03-31,Virginia,2,0
23814,2020-03-31,Virginia,12,0
23815,2020-03-31,Virginia,4,0
23816,2020-03-31,Virginia,2,0
23817,2020-03-31,Virginia,7,0
23818,2020-03-31,Virginia,94,0
23819,2020-03-31,Virginia,1,0
23820,2020-03-31,Virginia,26,0
23821,2020-03-31,Virginia,3,0
23822,2020-03-31,Virginia,6,0
23823,2020-03-31,Virginia,2,0
23824,2020-03-31,Virginia,5,0
23825,2020-03-31,Virginia,7,0
23826,2020-03-31,Virginia,1,0
23827,2020-03-31,Virginia,1,0
23828,2020-03-31,Virginia,7,0
23829,2020-03-31,Virginia,24,0
23830,2020-03-31,Virginia,4,0
23831,2020-03-31,Virginia,1,0
23832,2020-03-31,Virginia,2,0
23833,2020-03-31,Virginia,65,0
23834,2020-03-31,Virginia,3,0
23835,2020-03-31,Virginia,2,0
23836,2020-03-31,Virginia,2,0
23837,2020-03-31,Virginia,8,1
23838,2020-03-31,Virginia,3,0
23839,2020-03-31,Virginia,1,0
23840,2020-03-31,Virginia,14,0
23841,2020-03-31,Washington,7,0
23842,2020-03-31,Washington,101,6
23843,2020-03-31,Washington,15,2
23844,2020-03-31,Washington,6,0
23845,2020-03-31,Washington,116,6
23846,2020-03-31,Washington,1,0
23847,2020-03-31,Washington,13,0
23848,2020-03-31,Washington,5,0
23849,2020-03-31,Washington,1,0
23850,2020-03-31,Washington,33,0
23851,2020-03-31,Washington,62,0
23852,2020-03-31,Washington,1,0
23853,2020-03-31,Washington,106,3
23854,2020-03-31,Washington,14,0
23855,2020-03-31,Washington,2332,152
23856,2020-03-31,Washington,63,1
23857,2020-03-31,Washington,8,0
23858,2020-03-31,Washington,7,1
23859,2020-03-31,Washington,10,0
23860,2020-03-31,Washington,1,0
23861,2020-03-31,Washington,2,0
23862,2020-03-31,Washington,3,0
23863,2020-03-31,Washington,352,6
23864,2020-03-31,Washington,4,0
23865,2020-03-31,Washington,101,3
23866,2020-03-31,Washington,1,0
23867,2020-03-31,Washington,1228,32
23868,2020-03-31,Washington,140,4
23869,2020-03-31,Washington,4,0
23870,2020-03-31,Washington,48,0
23871,2020-03-31,Washington,7,0
23872,2020-03-31,Washington,116,7
23873,2020-03-31,Washington,6,0
23874,2020-03-31,Washington,147,3
23875,2020-03-31,West Virginia,16,0
23876,2020-03-31,West Virginia,1,0
23877,2020-03-31,West Virginia,3,0
23878,2020-03-31,West Virginia,3,0
23879,2020-03-31,West Virginia,1,0
23880,2020-03-31,West Virginia,11,0
23881,2020-03-31,West Virginia,9,0
23882,2020-03-31,West Virginia,8,0
23883,2020-03-31,West Virginia,31,0
23884,2020-03-31,West Virginia,2,0
23885,2020-03-31,West Virginia,5,1
23886,2020-03-31,West Virginia,4,0
23887,2020-03-31,West Virginia,3,0
23888,2020-03-31,West Virginia,2,0
23889,2020-03-31,West Virginia,31,0
23890,2020-03-31,West Virginia,1,0
23891,2020-03-31,West Virginia,10,0
23892,2020-03-31,West Virginia,1,0
23893,2020-03-31,West Virginia,3,0
23894,2020-03-31,West Virginia,4,0
23895,2020-03-31,West Virginia,3,0
23896,2020-03-31,West Virginia,1,0
23897,2020-03-31,West Virginia,2,0
23898,2020-03-31,West Virginia,2,0
23899,2020-03-31,West Virginia,1,0
23900,2020-03-31,West Virginia,1,0
23901,2020-03-31,West Virginia,1,0
23902,2020-03-31,West Virginia,2,0
23903,2020-03-31,Wisconsin,1,0
23904,2020-03-31,Wisconsin,2,0
23905,2020-03-31,Wisconsin,9,0
23906,2020-03-31,Wisconsin,1,0
23907,2020-03-31,Wisconsin,1,0
23908,2020-03-31,Wisconsin,8,0
23909,2020-03-31,Wisconsin,3,0
23910,2020-03-31,Wisconsin,9,0
23911,2020-03-31,Wisconsin,194,2
23912,2020-03-31,Wisconsin,10,0
23913,2020-03-31,Wisconsin,1,0
23914,2020-03-31,Wisconsin,6,0
23915,2020-03-31,Wisconsin,3,0
23916,2020-03-31,Wisconsin,11,0
23917,2020-03-31,Wisconsin,22,2
23918,2020-03-31,Wisconsin,2,0
23919,2020-03-31,Wisconsin,6,0
23920,2020-03-31,Wisconsin,3,0
23921,2020-03-31,Wisconsin,1,1
23922,2020-03-31,Wisconsin,2,0
23923,2020-03-31,Wisconsin,11,0
23924,2020-03-31,Wisconsin,3,0
23925,2020-03-31,Wisconsin,37,0
23926,2020-03-31,Wisconsin,19,0
23927,2020-03-31,Wisconsin,3,0
23928,2020-03-31,Wisconsin,1,0
23929,2020-03-31,Wisconsin,2,0
23930,2020-03-31,Wisconsin,674,11
23931,2020-03-31,Wisconsin,2,0
23932,2020-03-31,Wisconsin,1,0
23933,2020-03-31,Wisconsin,3,0
23934,2020-03-31,Wisconsin,12,0
23935,2020-03-31,Wisconsin,43,5
23936,2020-03-31,Wisconsin,7,0
23937,2020-03-31,Wisconsin,1,0
23938,2020-03-31,Wisconsin,26,0
23939,2020-03-31,Wisconsin,2,0
23940,2020-03-31,Wisconsin,16,0
23941,2020-03-31,Wisconsin,13,1
23942,2020-03-31,Wisconsin,11,0
23943,2020-03-31,Wisconsin,5,0
23944,2020-03-31,Wisconsin,3,0
23945,2020-03-31,Wisconsin,6,0
23946,2020-03-31,Wisconsin,40,1
23947,2020-03-31,Wisconsin,101,1
23948,2020-03-31,Wisconsin,1,1
23949,2020-03-31,Wisconsin,11,0
23950,2020-03-31,Wisconsin,2,0
23951,2020-03-31,Wyoming,3,0
23952,2020-03-31,Wyoming,3,0
23953,2020-03-31,Wyoming,3,0
23954,2020-03-31,Wyoming,1,0
23955,2020-03-31,Wyoming,25,0
23956,2020-03-31,Wyoming,1,0
23957,2020-03-31,Wyoming,1,0
23958,2020-03-31,Wyoming,7,0
23959,2020-03-31,Wyoming,27,0
23960,2020-03-31,Wyoming,12,0
23961,2020-03-31,Wyoming,1,0
23962,2020-03-31,Wyoming,10,0
23963,2020-03-31,Wyoming,1,0
23964,2020-03-31,Wyoming,2,0
23965,2020-03-31,Wyoming,23,0
23966,2020-03-31,Wyoming,1,0
